example_id,beatmap_id,beatmap_hash,beatmap_path,beatmap_name,replay_path,accuracy,split
980b9bbdb4821fa76231dd0f1831a99a-134265088999409162,3513962,980b9bbdb4821fa76231dd0f1831a99a,/home/amine/PycharmProjects/osunator/maps/downloaded/3513962.osu,JANK - Versace Summer (Cut Ver.) [Everlasting Summertime],/home/amine/PycharmProjects/osunator/replays/suitable/980b9bbdb4821fa76231dd0f1831a99a-134265088999409162.osr,97.47172322022622,train
62cbff5def15544b9867c208d769fd11-134264456342510747,2014039,62cbff5def15544b9867c208d769fd11,/home/amine/PycharmProjects/osunator/maps/downloaded/2014039.osu,Kabocha - EmbryO [Taeyang's Ultra],/home/amine/PycharmProjects/osunator/replays/suitable/62cbff5def15544b9867c208d769fd11-134264456342510747.osr,95.49603174603175,test
1e42bfa222f404d0f9646577fae841bb-134264454245444432,4337668,1e42bfa222f404d0f9646577fae841bb,/home/amine/PycharmProjects/osunator/maps/downloaded/4337668.osu,xi - over the top [interstellar dimensions],/home/amine/PycharmProjects/osunator/replays/suitable/1e42bfa222f404d0f9646577fae841bb-134264454245444432.osr,95.38717483363581,train
10b8f684392ed7ede1b39ac68644d175-134250066270696583,1028733,10b8f684392ed7ede1b39ac68644d175,/home/amine/PycharmProjects/osunator/maps/downloaded/1028733.osu,9mm Parabellum Bullet - Inferno [The Eclipse],/home/amine/PycharmProjects/osunator/replays/suitable/10b8f684392ed7ede1b39ac68644d175-134250066270696583.osr,97.48931623931624,train
222mm - MAKOOTO - Tanukichi no Bouken [usagi] (2026-02-09) Osu,2852149,d446a830d15b74c9ae40e14f234335da,/home/amine/PycharmProjects/osunator/maps/downloaded/2852149.osu,MAKOOTO - Tanukichi no Bouken [usagi],/home/amine/PycharmProjects/osunator/replays/suitable/222mm - MAKOOTO - Tanukichi no Bouken [usagi] (2026-02-09) Osu.osr,97.5,test
222mm - pal@pop - Zipper feat.Yui Makino [AR9.6] (2026-02-22) Osu,4192558,d423384226516a6acafc02219e320f66,/home/amine/PycharmProjects/osunator/maps/downloaded/4192558.osu,pal@pop - Zipper feat.Yui Makino [AR9.6],/home/amine/PycharmProjects/osunator/replays/suitable/222mm - pal@pop - Zipper feat.Yui Makino [AR9.6] (2026-02-22) Osu.osr,98.51905802379217,train
222mm - Tim Follin - Title Screen [The Game of Video Quick Draw] (2026-02-08) Osu-1,4921872,472bea2cf52ad85d885ea55b64e2c13d,/home/amine/PycharmProjects/osunator/maps/downloaded/4921872.osu,Tim Follin - Title Screen [The Game of Video Quick Draw],/home/amine/PycharmProjects/osunator/replays/suitable/222mm - Tim Follin - Title Screen [The Game of Video Quick Draw] (2026-02-08) Osu-1.osr,99.01449275362319,train
222mm - Tim Follin - Title Screen [The Game of Video Quick Draw] (2026-02-08) Osu,4921872,472bea2cf52ad85d885ea55b64e2c13d,/home/amine/PycharmProjects/osunator/maps/downloaded/4921872.osu,Tim Follin - Title Screen [The Game of Video Quick Draw],/home/amine/PycharmProjects/osunator/replays/suitable/222mm - Tim Follin - Title Screen [The Game of Video Quick Draw] (2026-02-08) Osu.osr,99.01449275362319,train
300mm - Various Artists - Jump Pack 2 [Sky of Twilight ft. teuzz] (2026-04-08) Osu,5312255,403fcd580f1a9199fbc999a249f24b3e,/home/amine/PycharmProjects/osunator/maps/downloaded/5312255.osu,Various Artists - Jump Pack 2 [Sky of Twilight ft. teuzz],/home/amine/PycharmProjects/osunator/replays/suitable/300mm - Various Artists - Jump Pack 2 [Sky of Twilight ft. teuzz] (2026-04-08) Osu.osr,97.2386587771203,train
Kyqn - Arash - Temptation (feat. Rebecca) (Nightcore Mix) [~Farewell~] (2025-11-06) Osu,4956471,00dcfd6cd46793301647929dd25ae34f,/home/amine/PycharmProjects/osunator/maps/downloaded/4956471.osu,Arash - Temptation (feat. Rebecca) (Nightcore Mix) [~Farewell~],/home/amine/PycharmProjects/osunator/replays/suitable/Kyqn - Arash - Temptation (feat. Rebecca) (Nightcore Mix) [~Farewell~] (2025-11-06) Osu.osr,96.93318729463307,train
parsec petsoup - Various Artists - DT Jump Pack 3 [GIRLS' LEGEND U] (2026-02-04) Osu,5254478,fcce00456c139b41f75e67054c3cf755,/home/amine/PycharmProjects/osunator/maps/downloaded/5254478.osu,Various Artists - DT Jump Pack 3 [GIRLS' LEGEND U],/home/amine/PycharmProjects/osunator/replays/suitable/parsec petsoup - Various Artists - DT Jump Pack 3 [GIRLS' LEGEND U] (2026-02-04) Osu.osr,96.64429530201342,train
parsec petsoup - Various Artists - Jump Pack 2 [MONTAGEM BATCHI] (2026-01-25) Osu,5311688,41ededf9653e1daad0e2242304ff5699,/home/amine/PycharmProjects/osunator/maps/downloaded/5311688.osu,Various Artists - Jump Pack 2 [MONTAGEM BATCHI],/home/amine/PycharmProjects/osunator/replays/suitable/parsec petsoup - Various Artists - Jump Pack 2 [MONTAGEM BATCHI] (2026-01-25) Osu.osr,98.98218829516539,train
Petsoup 3 - HISATOMI - lullaby (feat. KIRA) (uet Remix) [daydream] (2025-12-13) Osu,3470743,aa409ca0e77ec96b65018a92a58fa5d8,/home/amine/PycharmProjects/osunator/maps/downloaded/3470743.osu,HISATOMI - lullaby (feat. KIRA) (uet Remix) [daydream],/home/amine/PycharmProjects/osunator/replays/suitable/Petsoup 3 - HISATOMI - lullaby (feat. KIRA) (uet Remix) [daydream] (2025-12-13) Osu.osr,96.22463020295837,train
Petsoup 3 - SOOOO - Raven Haven [There's Something Different About You and I] (2025-12-16) Osu,1952151,34aae027673aa7dea6ba145095d7b9a4,/home/amine/PycharmProjects/osunator/maps/downloaded/1952151.osu,SOOOO - Raven Haven [There's Something Different About You and I],/home/amine/PycharmProjects/osunator/replays/suitable/Petsoup 3 - SOOOO - Raven Haven [There's Something Different About You and I] (2025-12-16) Osu.osr,97.15875805506738,train
Petsoup 3 - t+pazolite vs C-Show - TRICKL4SH 220 [Arles] (2025-12-18) Osu,727636,6907676cd96eba60d4ac5e3db8e9f78e,/home/amine/PycharmProjects/osunator/maps/downloaded/727636.osu,t+pazolite vs C-Show - TRICKL4SH 220 [Arles],/home/amine/PycharmProjects/osunator/replays/suitable/Petsoup 3 - t+pazolite vs C-Show - TRICKL4SH 220 [Arles] (2025-12-18) Osu.osr,97.58291174817313,train
replay-osu_4861214_4785300016,4861214,6c4a5141cb50eb0251c05e3fce3e0cd1,/home/amine/PycharmProjects/osunator/maps/downloaded/4861214.osu,Turbo - PADORU / PADORU [Sotarks' Crazy Gift],/home/amine/PycharmProjects/osunator/replays/suitable/replay-osu_4861214_4785300016.osr,98.54014598540147,train
serhat - Acme Iku - chaosmaid (demo) [Lesjuh '09] (2025-12-07) Osu,124508,a7b25cb3271d3c9491e26c778abb0e54,/home/amine/PycharmProjects/osunator/maps/downloaded/124508.osu,Acme Iku - chaosmaid (demo) [Lesjuh '09],/home/amine/PycharmProjects/osunator/replays/suitable/serhat - Acme Iku - chaosmaid (demo) [Lesjuh '09] (2025-12-07) Osu.osr,96.44194756554307,train
serhat - dj TAKA - quaver [Crescendo] (2025-12-10) Osu,915210,90d717f5aa233d85abdf02acac3f975e,/home/amine/PycharmProjects/osunator/maps/downloaded/915210.osu,dj TAKA - quaver [Crescendo],/home/amine/PycharmProjects/osunator/replays/suitable/serhat - dj TAKA - quaver [Crescendo] (2025-12-10) Osu.osr,98.1859410430839,train
serhat - HARU NEMURI - Trust Nothing but Love [My World] (2025-12-06) Osu-1,3104522,5fa8665c7066a21682122eeb31db9705,/home/amine/PycharmProjects/osunator/maps/downloaded/3104522.osu,HARU NEMURI - Trust Nothing but Love [My World],/home/amine/PycharmProjects/osunator/replays/suitable/serhat - HARU NEMURI - Trust Nothing but Love [My World] (2025-12-06) Osu-1.osr,95.58089807555238,test
serhat - HARU NEMURI - Trust Nothing but Love [My World] (2025-12-06) Osu,3104522,5fa8665c7066a21682122eeb31db9705,/home/amine/PycharmProjects/osunator/maps/downloaded/3104522.osu,HARU NEMURI - Trust Nothing but Love [My World],/home/amine/PycharmProjects/osunator/replays/suitable/serhat - HARU NEMURI - Trust Nothing but Love [My World] (2025-12-06) Osu.osr,95.58089807555238,test
serhat - Kondo Koji - Slider [64 DIMENSIONS] (2025-12-01) Osu-2,1509693,352a7a73914b069d9a55ef32741d97cb,/home/amine/PycharmProjects/osunator/maps/downloaded/1509693.osu,Kondo Koji - Slider [64 DIMENSIONS],/home/amine/PycharmProjects/osunator/replays/suitable/serhat - Kondo Koji - Slider [64 DIMENSIONS] (2025-12-01) Osu-2.osr,95.42576764798987,train
serhat - Rentra - Mou Ii Psy [Mou Ii Oppa Gangnam Style Kai] (2025-12-01) Osu,2996694,ff2283cb906dc0a5ead9d78261d59c7a,/home/amine/PycharmProjects/osunator/maps/downloaded/2996694.osu,Rentra - Mou Ii Psy [Mou Ii Oppa Gangnam Style Kai],/home/amine/PycharmProjects/osunator/replays/suitable/serhat - Rentra - Mou Ii Psy [Mou Ii Oppa Gangnam Style Kai] (2025-12-01) Osu.osr,95.33497739416359,train
serhatje - Kano - Walk This Way! (Cut Ver.) [darkwarriorx's Way To Slop] (2025-11-02) Osu,5297859,5f406f7ae962767af68737d1337fe2d8,/home/amine/PycharmProjects/osunator/maps/downloaded/5297859.osu,Kano - Walk This Way! (Cut Ver.) [darkwarriorx's Way To Slop],/home/amine/PycharmProjects/osunator/replays/suitable/serhatje - Kano - Walk This Way! (Cut Ver.) [darkwarriorx's Way To Slop] (2025-11-02) Osu.osr,95.05376344086022,test
serhatje - Tim Follin - Title Screen [The Game of Video Quick Draw] (2025-10-18) Osu,4921872,472bea2cf52ad85d885ea55b64e2c13d,/home/amine/PycharmProjects/osunator/maps/downloaded/4921872.osu,Tim Follin - Title Screen [The Game of Video Quick Draw],/home/amine/PycharmProjects/osunator/replays/suitable/serhatje - Tim Follin - Title Screen [The Game of Video Quick Draw] (2025-10-18) Osu.osr,97.56521739130434,train
UC2 - RoughSkreamZ - Glory of Fighters [Sebas' VIVID] (2026-06-06) Osu,5094434,2b0c4c8e0f5e10783ed82fa752e35328,/home/amine/PycharmProjects/osunator/maps/downloaded/5094434.osu,RoughSkreamZ - Glory of Fighters [Sebas' VIVID],/home/amine/PycharmProjects/osunator/replays/suitable/UC2 - RoughSkreamZ - Glory of Fighters [Sebas' VIVID] (2026-06-06) Osu.osr,96.42276422764228,train
FURRYFEET1 - Memme - Uranium [] (2026-06-03) Osu,380625,fcc64f92999f2140c48d813d75f0e446,/home/amine/PycharmProjects/osunator/maps/downloaded/380625.osu,Memme - Uranium [?????],/home/amine/PycharmProjects/osunator/replays/suitable/FURRYFEET1 - Memme - Uranium [] (2026-06-03) Osu.osr,97.01631701631702,train
MrF1sh - gmtn. (witch's slave) - furioso melodia [AR10] (2024-10-04) Osu,4795841,ec433419c15e20afc59d697771863758,/home/amine/PycharmProjects/osunator/maps/downloaded/4795841.osu,gmtn. (witch's slave) - furioso melodia [AR10],/home/amine/PycharmProjects/osunator/replays/suitable/MrF1sh - gmtn. (witch's slave) - furioso melodia [AR10] (2024-10-04) Osu.osr,97.4795211090107,train
MrF1sh - Kuroneko Dungeon - Ryuu to Shoujo to Decoherence [Overdrive] (2025-07-06) Osu-1,380029,c922b080cd4dbffe542953882b39cf5b,/home/amine/PycharmProjects/osunator/maps/downloaded/380029.osu,Kuroneko Dungeon - Ryuu to Shoujo to Decoherence [Overdrive],/home/amine/PycharmProjects/osunator/replays/suitable/MrF1sh - Kuroneko Dungeon - Ryuu to Shoujo to Decoherence [Overdrive] (2025-07-06) Osu-1.osr,96.71679197994987,test
MrF1sh - Kuroneko Dungeon - Ryuu to Shoujo to Decoherence [Overdrive] (2025-07-06) Osu,380029,c922b080cd4dbffe542953882b39cf5b,/home/amine/PycharmProjects/osunator/maps/downloaded/380029.osu,Kuroneko Dungeon - Ryuu to Shoujo to Decoherence [Overdrive],/home/amine/PycharmProjects/osunator/replays/suitable/MrF1sh - Kuroneko Dungeon - Ryuu to Shoujo to Decoherence [Overdrive] (2025-07-06) Osu.osr,96.71679197994987,test
MrF1sh - Kuroneko Dungeon - Ryuu to Shoujo to Decoherence [Overdrive] (2025-07-07) Osu,380029,c922b080cd4dbffe542953882b39cf5b,/home/amine/PycharmProjects/osunator/maps/downloaded/380029.osu,Kuroneko Dungeon - Ryuu to Shoujo to Decoherence [Overdrive],/home/amine/PycharmProjects/osunator/replays/suitable/MrF1sh - Kuroneko Dungeon - Ryuu to Shoujo to Decoherence [Overdrive] (2025-07-07) Osu.osr,96.12903225806451,test
MrF1sh - Morimori Atsushi - Paradigm Shift [Damnjelly's Quantum Fluctuation] (2025-06-26) Osu,1033002,8eb18b63a416cc6fd67ea8d20b0bfe7c,/home/amine/PycharmProjects/osunator/maps/downloaded/1033002.osu,Morimori Atsushi - Paradigm Shift [Damnjelly's Quantum Fluctuation],/home/amine/PycharmProjects/osunator/replays/suitable/MrF1sh - Morimori Atsushi - Paradigm Shift [Damnjelly's Quantum Fluctuation] (2025-06-26) Osu.osr,95.02283105022829,train
MrF1sh - S-C-U - concon [Kojio's EXTREME] (2025-11-27) Osu,4959280,92a6b7390c020d8c47314c37aa0dcb08,/home/amine/PycharmProjects/osunator/maps/downloaded/4959280.osu,S-C-U - concon [Kojio's EXTREME],/home/amine/PycharmProjects/osunator/replays/suitable/MrF1sh - S-C-U - concon [Kojio's EXTREME] (2025-11-27) Osu.osr,97.69797421731123,train
MrF1sh - Sakamoto Maaya - Okaerinasai (tomatomerde Remix) (Sped Up Ver.) [Arles] (2025-08-10) Osu-1,700644,3fce9462be20ff91f69072336f6334d6,/home/amine/PycharmProjects/osunator/maps/downloaded/700644.osu,Sakamoto Maaya - Okaerinasai (tomatomerde Remix) (Sped Up Ver.) [Arles],/home/amine/PycharmProjects/osunator/replays/suitable/MrF1sh - Sakamoto Maaya - Okaerinasai (tomatomerde Remix) (Sped Up Ver.) [Arles] (2025-08-10) Osu-1.osr,96.27573444367339,train
MrF1sh - Sakamoto Maaya - Okaerinasai (tomatomerde Remix) (Sped Up Ver.) [Arles] (2025-08-10) Osu,700644,3fce9462be20ff91f69072336f6334d6,/home/amine/PycharmProjects/osunator/maps/downloaded/700644.osu,Sakamoto Maaya - Okaerinasai (tomatomerde Remix) (Sped Up Ver.) [Arles],/home/amine/PycharmProjects/osunator/replays/suitable/MrF1sh - Sakamoto Maaya - Okaerinasai (tomatomerde Remix) (Sped Up Ver.) [Arles] (2025-08-10) Osu.osr,96.27573444367339,train
MrF1sh - Sakamoto Maaya - Okaerinasai (tomatomerde Remix) (Sped Up Ver.) [Filtered sunlight] (2024-12-29) Osu,1134887,30cbb768c5c154109d06a3b9e2d6e686,/home/amine/PycharmProjects/osunator/maps/downloaded/1134887.osu,Sakamoto Maaya - Okaerinasai (tomatomerde Remix) (Sped Up Ver.) [Filtered sunlight],/home/amine/PycharmProjects/osunator/replays/suitable/MrF1sh - Sakamoto Maaya - Okaerinasai (tomatomerde Remix) (Sped Up Ver.) [Filtered sunlight] (2024-12-29) Osu.osr,95.17611026033691,train
MrF1sh - shikata akiko - Katayoku no tori [Arles] (2025-04-09) Osu,1021579,0eb66a0a0609882544bc2224bd07c030,/home/amine/PycharmProjects/osunator/maps/downloaded/1021579.osu,shikata akiko - Katayoku no tori [Arles],/home/amine/PycharmProjects/osunator/replays/suitable/MrF1sh - shikata akiko - Katayoku no tori [Arles] (2025-04-09) Osu.osr,95.05885997521686,train
MrF1sh - Yamajet feat. haruamanya - Sweets Holic (Cut Ver.) [Lemaire's Ex] (2025-11-14) Osu-1,5027876,f106dbbe26cd7ca7a2ef16e9b43e30d6,/home/amine/PycharmProjects/osunator/maps/downloaded/5027876.osu,Yamajet feat. haru*ama*nya - Sweets Holic (Cut Ver.) [Lemaire's Ex],/home/amine/PycharmProjects/osunator/replays/suitable/MrF1sh - Yamajet feat. haruamanya - Sweets Holic (Cut Ver.) [Lemaire's Ex] (2025-11-14) Osu-1.osr,98.83333333333334,train
MrF1sh - Yamajet feat. haruamanya - Sweets Holic (Cut Ver.) [Lemaire's Ex] (2025-11-14) Osu,5027876,f106dbbe26cd7ca7a2ef16e9b43e30d6,/home/amine/PycharmProjects/osunator/maps/downloaded/5027876.osu,Yamajet feat. haru*ama*nya - Sweets Holic (Cut Ver.) [Lemaire's Ex],/home/amine/PycharmProjects/osunator/replays/suitable/MrF1sh - Yamajet feat. haruamanya - Sweets Holic (Cut Ver.) [Lemaire's Ex] (2025-11-14) Osu.osr,98.83333333333334,train
worst hr player - t+pazolite - UMMU [UwU] (2024-09-03) Osu,1743443,558aed9292f714d595eb6c60c5cd7b0e,/home/amine/PycharmProjects/osunator/maps/downloaded/1743443.osu,t+pazolite - UMMU [UwU],/home/amine/PycharmProjects/osunator/replays/suitable/worst hr player - t+pazolite - UMMU [UwU] (2024-09-03) Osu.osr,99.36708860759494,train
INFERNOBESTMAP - DragonForce - Highway to Oblivion [Legender] (2023-09-22) Osu,2211018,991f2d0776e775507fcccb1a257e57ba,/home/amine/PycharmProjects/osunator/maps/downloaded/2211018.osu,DragonForce - Highway to Oblivion [Legender],/home/amine/PycharmProjects/osunator/replays/suitable/INFERNOBESTMAP - DragonForce - Highway to Oblivion [Legender] (2023-09-22) Osu.osr,98.41874911760553,train
INFERNOBESTMAP - GALNERYUS - RAISE MY SWORD [A THOUSAND FLAMES] (2023-10-08) Osu,1860169,36c3b29812fe872399463401b08e9a66,/home/amine/PycharmProjects/osunator/maps/downloaded/1860169.osu,GALNERYUS - RAISE MY SWORD [A THOUSAND FLAMES],/home/amine/PycharmProjects/osunator/replays/suitable/INFERNOBESTMAP - GALNERYUS - RAISE MY SWORD [A THOUSAND FLAMES] (2023-10-08) Osu.osr,96.73898486674702,train
INFERNOBESTMAP - GLORYHAMMER - Infernus Ad Astra  Rise Of The Chaos Wizards [1992 The Astral Age of Triton and Zargothrax] (2023-09-11) Osu,3310074,272fae612ce6f843eac56bba12be6486,/home/amine/PycharmProjects/osunator/maps/downloaded/3310074.osu,GLORYHAMMER - Infernus Ad Astra / Rise Of The Chaos Wizards [1992: The Astral Age of Triton and Zargothrax],/home/amine/PycharmProjects/osunator/replays/suitable/INFERNOBESTMAP - GLORYHAMMER - Infernus Ad Astra  Rise Of The Chaos Wizards [1992 The Astral Age of Triton and Zargothrax] (2023-09-11) Osu.osr,97.3026973026973,train
INFERNOBESTMAP - Rhapsody Of Fire - Master Of Peace [Nephilim] (2023-09-24) Osu,1997892,60507e1e025ce90f0d6585dcf6b0b63d,/home/amine/PycharmProjects/osunator/maps/downloaded/1997892.osu,Rhapsody Of Fire - Master Of Peace [Nephilim],/home/amine/PycharmProjects/osunator/replays/suitable/INFERNOBESTMAP - Rhapsody Of Fire - Master Of Peace [Nephilim] (2023-09-24) Osu.osr,97.75,train
INFERNOBESTMAP - SYU (from GALNERYUS) - REASON [A THOUSAND SWORDS] (2023-10-08) Osu,2069999,75215ce235c9e8806b612e9a569bb7aa,/home/amine/PycharmProjects/osunator/maps/downloaded/2069999.osu,SYU (from GALNERYUS) - REASON [A THOUSAND SWORDS],/home/amine/PycharmProjects/osunator/replays/suitable/INFERNOBESTMAP - SYU (from GALNERYUS) - REASON [A THOUSAND SWORDS] (2023-10-08) Osu.osr,96.38588503130336,train
Raidd - Camellia feat. Nanahira - Kizuitara Shunkashuutou (Cut Ver.) [Ultra] (2024-12-18) Osu,3992816,f944dc638544a208fa95cbc57b999331,/home/amine/PycharmProjects/osunator/maps/downloaded/3992816.osu,Camellia feat. Nanahira - Kizuitara Shunkashuutou (Cut Ver.) [Ultra],/home/amine/PycharmProjects/osunator/replays/suitable/Raidd - Camellia feat. Nanahira - Kizuitara Shunkashuutou (Cut Ver.) [Ultra] (2024-12-18) Osu.osr,97.95555555555556,train
Raidd - Cityyy - Rapture to Ruin [A Devil's Dance] (2024-07-19) Osu,4526154,f61e03954c5c0c67b929d81e208df28e,/home/amine/PycharmProjects/osunator/maps/downloaded/4526154.osu,Cityyy - Rapture to Ruin [A Devil's Dance],/home/amine/PycharmProjects/osunator/replays/suitable/Raidd - Cityyy - Rapture to Ruin [A Devil's Dance] (2024-07-19) Osu.osr,96.47639182522904,train
Raidd - Dragon Guardian - Tenkai e no Kippu [Eloquence Upon the Blade] (2024-07-17) Osu,3654660,5eabc628ffdf24912b567b539c31abb6,/home/amine/PycharmProjects/osunator/maps/downloaded/3654660.osu,Dragon Guardian - Tenkai e no Kippu [Eloquence Upon the Blade],/home/amine/PycharmProjects/osunator/replays/suitable/Raidd - Dragon Guardian - Tenkai e no Kippu [Eloquence Upon the Blade] (2024-07-17) Osu.osr,97.82763532763533,train
Raidd - Dragon Guardian - Tenkai e no Kippu [Eloquence Upon the Blade] (2024-08-01) Osu,3654660,5eabc628ffdf24912b567b539c31abb6,/home/amine/PycharmProjects/osunator/maps/downloaded/3654660.osu,Dragon Guardian - Tenkai e no Kippu [Eloquence Upon the Blade],/home/amine/PycharmProjects/osunator/replays/suitable/Raidd - Dragon Guardian - Tenkai e no Kippu [Eloquence Upon the Blade] (2024-08-01) Osu.osr,95.00748876684972,train
Raidd - Dragon Guardian - Tenkai e no Kippu [Eloquence Upon the Blade] (2025-05-19) Osu,3654660,5eabc628ffdf24912b567b539c31abb6,/home/amine/PycharmProjects/osunator/maps/downloaded/3654660.osu,Dragon Guardian - Tenkai e no Kippu [Eloquence Upon the Blade],/home/amine/PycharmProjects/osunator/replays/suitable/Raidd - Dragon Guardian - Tenkai e no Kippu [Eloquence Upon the Blade] (2025-05-19) Osu.osr,97.60132340777503,train
Raidd - Green Day - Bang Bang [Class of '09] (2025-03-01) Osu,4669413,1b2558a068a77dc7c67a531b033dbb93,/home/amine/PycharmProjects/osunator/maps/downloaded/4669413.osu,Green Day - Bang Bang [Class of '09],/home/amine/PycharmProjects/osunator/replays/suitable/Raidd - Green Day - Bang Bang [Class of '09] (2025-03-01) Osu.osr,97.1590909090909,train
Raidd - Inferi - Behold the Bearer of Light [Revenant] (2025-03-02) Osu,1804279,7092e72f1aa7e1c93834c5326cf08fe8,/home/amine/PycharmProjects/osunator/maps/downloaded/1804279.osu,Inferi - Behold the Bearer of Light [Revenant],/home/amine/PycharmProjects/osunator/replays/suitable/Raidd - Inferi - Behold the Bearer of Light [Revenant] (2025-03-02) Osu.osr,96.5013994402239,train
Raidd - Ito Kanako - Sky of Twilight [Atelier] (2024-07-12) Osu,3392208,f5366c73d9b5b63fa9464bd397ef732f,/home/amine/PycharmProjects/osunator/maps/downloaded/3392208.osu,Ito Kanako - Sky of Twilight [Atelier],/home/amine/PycharmProjects/osunator/replays/suitable/Raidd - Ito Kanako - Sky of Twilight [Atelier] (2024-07-12) Osu.osr,96.83932052353106,train
Raidd - Kano - Walk This Way! (Cut Ver.) [quantumvortex's Travels] (2026-05-20) Osu,5300802,ea565a4828e089e57de5d66c740263b0,/home/amine/PycharmProjects/osunator/maps/downloaded/5300802.osu,Kano - Walk This Way! (Cut Ver.) [quantumvortex's Travels],/home/amine/PycharmProjects/osunator/replays/suitable/Raidd - Kano - Walk This Way! (Cut Ver.) [quantumvortex's Travels] (2026-05-20) Osu.osr,97.50957854406131,train
Raidd - MinDelve - Autopilot [Dom  Flying Through the Cosmos] (2024-08-25) Osu,4239975,c6efd818ba429987e6480ba8ad653c8c,/home/amine/PycharmProjects/osunator/maps/downloaded/4239975.osu,MinDelve - Autopilot [Dom : Flying Through the Cosmos],/home/amine/PycharmProjects/osunator/replays/suitable/Raidd - MinDelve - Autopilot [Dom  Flying Through the Cosmos] (2024-08-25) Osu.osr,97.23331431831147,train
Raidd - NightHawk22 - Isolation [Focus On The Key] (2024-08-25) Osu,4510472,81535d2b07543cf7a97c433bb2447515,/home/amine/PycharmProjects/osunator/maps/downloaded/4510472.osu,NightHawk22 - Isolation [Focus On The Key],/home/amine/PycharmProjects/osunator/replays/suitable/Raidd - NightHawk22 - Isolation [Focus On The Key] (2024-08-25) Osu.osr,96.78550555230859,train
Raidd - Nyankovsky - Firmament [feat. blaxervant] [Mysstical vs OKSY  The Inevitable Revolution] (2024-08-26) Osu,3877136,5e394395501171e915fc838b0d383114,/home/amine/PycharmProjects/osunator/maps/downloaded/3877136.osu,Nyankovsky - Firmament [feat. blaxervant] [Mysstical vs OKSY : The Inevitable Revolution],/home/amine/PycharmProjects/osunator/replays/suitable/Raidd - Nyankovsky - Firmament [feat. blaxervant] [Mysstical vs OKSY  The Inevitable Revolution] (2024-08-26) Osu.osr,95.57570761198131,train
Raidd - Renard - Terminal [Challenge] (2026-03-25) Osu,5245140,4e6871b37fe620b318ba9f7f9e6fa109,/home/amine/PycharmProjects/osunator/maps/downloaded/5245140.osu,Renard - Terminal [Challenge],/home/amine/PycharmProjects/osunator/replays/suitable/Raidd - Renard - Terminal [Challenge] (2026-03-25) Osu.osr,95.08455144740613,test
Raidd - ryu5150 - Louder than steel [ok this is epic] (2024-09-04) Osu,1808605,d0aa13c2aa4e1bf649134c947c70bee0,/home/amine/PycharmProjects/osunator/maps/downloaded/1808605.osu,ryu5150 - Louder than steel [ok this is epic],/home/amine/PycharmProjects/osunator/replays/suitable/Raidd - ryu5150 - Louder than steel [ok this is epic] (2024-09-04) Osu.osr,99.19968919968919,train
"RaidEZZ - Aether Realm - Oak [Neverafter, Thereafter, Hereafter.] (2023-10-23) Osu",3449740,fb65661061da43e41e6d3e31e4d67cde,/home/amine/PycharmProjects/osunator/maps/downloaded/3449740.osu,"Aether Realm - Oak [Neverafter, Thereafter, Hereafter.]","/home/amine/PycharmProjects/osunator/replays/suitable/RaidEZZ - Aether Realm - Oak [Neverafter, Thereafter, Hereafter.] (2023-10-23) Osu.osr",96.71223958333333,train
"RaidEZZ - Aether Realm - Oak [Neverafter, Thereafter, Hereafter.] (2024-01-12) Osu",3449740,fb65661061da43e41e6d3e31e4d67cde,/home/amine/PycharmProjects/osunator/maps/downloaded/3449740.osu,"Aether Realm - Oak [Neverafter, Thereafter, Hereafter.]","/home/amine/PycharmProjects/osunator/replays/suitable/RaidEZZ - Aether Realm - Oak [Neverafter, Thereafter, Hereafter.] (2024-01-12) Osu.osr",97.59524844270607,train
"RaidEZZ - Aether Realm - The Sun, The Moon, The Star [Mourning Those Things I've Long Left Behind] (2024-01-06) Osu",1949106,1ff6975c142ac59e4731cb09f5d46bcc,/home/amine/PycharmProjects/osunator/maps/downloaded/1949106.osu,"Aether Realm - The Sun, The Moon, The Star [Mourning Those Things I've Long Left Behind]","/home/amine/PycharmProjects/osunator/replays/suitable/RaidEZZ - Aether Realm - The Sun, The Moon, The Star [Mourning Those Things I've Long Left Behind] (2024-01-06) Osu.osr",96.74960448727168,test
RaidEZZ - Babalos - Stereo Love Remix [Undying Love] (2023-12-02) Osu,3325848,8156d1416adae89f9a39ac208c65c4ed,/home/amine/PycharmProjects/osunator/maps/downloaded/3325848.osu,Babalos - Stereo Love Remix [Undying Love],/home/amine/PycharmProjects/osunator/replays/suitable/RaidEZZ - Babalos - Stereo Love Remix [Undying Love] (2023-12-02) Osu.osr,96.54427645788337,test
RaidEZZ - Blind Guardian - A Voice In The Dark [The Angel of Shadow Emerges Once More] (2023-08-30) Osu,3415931,cfab83a12212817cbe2585586e79a61e,/home/amine/PycharmProjects/osunator/maps/downloaded/3415931.osu,Blind Guardian - A Voice In The Dark [The Angel of Shadow Emerges Once More],/home/amine/PycharmProjects/osunator/replays/suitable/RaidEZZ - Blind Guardian - A Voice In The Dark [The Angel of Shadow Emerges Once More] (2023-08-30) Osu.osr,98.5198000768935,train
RaidEZZ - Dragon Guardian - Tenkai e no Kippu [Before the Finale] (2023-11-02) Osu,2345714,827257ccfadb822afcfbb687e68e1c58,/home/amine/PycharmProjects/osunator/maps/downloaded/2345714.osu,Dragon Guardian - Tenkai e no Kippu [Before the Finale],/home/amine/PycharmProjects/osunator/replays/suitable/RaidEZZ - Dragon Guardian - Tenkai e no Kippu [Before the Finale] (2023-11-02) Osu.osr,97.71205357142857,test
RaidEZZ - GLORYHAMMER - Infernus Ad Astra  Rise Of The Chaos Wizards [1992 The Astral Age of Triton and Zargothrax] (2023-11-05) Osu,3310074,272fae612ce6f843eac56bba12be6486,/home/amine/PycharmProjects/osunator/maps/downloaded/3310074.osu,GLORYHAMMER - Infernus Ad Astra / Rise Of The Chaos Wizards [1992: The Astral Age of Triton and Zargothrax],/home/amine/PycharmProjects/osunator/replays/suitable/RaidEZZ - GLORYHAMMER - Infernus Ad Astra  Rise Of The Chaos Wizards [1992 The Astral Age of Triton and Zargothrax] (2023-11-05) Osu.osr,97.36065828287533,train
RaidEZZ - Green Day - Bang Bang [Mommy's Little Soldier] (2023-12-27) Osu,1141858,64ccc9977acb3c27959e6f37a5ae797a,/home/amine/PycharmProjects/osunator/maps/downloaded/1141858.osu,Green Day - Bang Bang [Mommy's Little Soldier],/home/amine/PycharmProjects/osunator/replays/suitable/RaidEZZ - Green Day - Bang Bang [Mommy's Little Soldier] (2023-12-27) Osu.osr,98.79142300194933,train
RaidEZZ - Kaatarakt - Sunless Dawn [Ozurie] (2023-10-28) Osu,3647082,ded9924de67feebc501b1cd5de6715a3,/home/amine/PycharmProjects/osunator/maps/downloaded/3647082.osu,Kaatarakt - Sunless Dawn [Ozurie],/home/amine/PycharmProjects/osunator/replays/suitable/RaidEZZ - Kaatarakt - Sunless Dawn [Ozurie] (2023-10-28) Osu.osr,98.3865763149403,train
RaidEZZ - Rhapsody Of Fire - Master Of Peace [Nephilim] (2023-10-21) Osu,1997892,60507e1e025ce90f0d6585dcf6b0b63d,/home/amine/PycharmProjects/osunator/maps/downloaded/1997892.osu,Rhapsody Of Fire - Master Of Peace [Nephilim],/home/amine/PycharmProjects/osunator/replays/suitable/RaidEZZ - Rhapsody Of Fire - Master Of Peace [Nephilim] (2023-10-21) Osu.osr,98.3733915999029,train
RaidEZZ - Seishun Buta Yarou Cast - Fukashigi no Karte (K@keru Bootleg Remix) [Adolescence Syndrome] (2024-01-08) Osu,3854580,9490a21a3e3ee5ed4ccd48bb1b374876,/home/amine/PycharmProjects/osunator/maps/downloaded/3854580.osu,Seishun Buta Yarou Cast - Fukashigi no Karte (K@keru Bootleg Remix) [Adolescence Syndrome],/home/amine/PycharmProjects/osunator/replays/suitable/RaidEZZ - Seishun Buta Yarou Cast - Fukashigi no Karte (K@keru Bootleg Remix) [Adolescence Syndrome] (2024-01-08) Osu.osr,96.44607843137254,train
RaidEZZ - TUYU - Anoyo-iki no Bus ni Notte Saraba. [Yandere] (2023-10-28) Osu,2240526,928dbd10f60a56b0094a339e25c4d0d8,/home/amine/PycharmProjects/osunator/maps/downloaded/2240526.osu,TUYU - Anoyo-iki no Bus ni Notte Saraba. [Yandere],/home/amine/PycharmProjects/osunator/replays/suitable/RaidEZZ - TUYU - Anoyo-iki no Bus ni Notte Saraba. [Yandere] (2023-10-28) Osu.osr,97.01125175808721,train
RaidEZZ - xi - Ascension to Heaven [FINAL DIMENSION] (2023-10-31) Osu,2026805,78633b39a5cce74e563ecbc05c7ade8a,/home/amine/PycharmProjects/osunator/maps/downloaded/2026805.osu,xi - Ascension to Heaven [FINAL DIMENSION],/home/amine/PycharmProjects/osunator/replays/suitable/RaidEZZ - xi - Ascension to Heaven [FINAL DIMENSION] (2023-10-31) Osu.osr,99.14445541296479,train
"SWEDENTRUCKER13 - Aether Realm - The Sun, The Moon, The Star [Mourning Those Things I've Long Left Behind] (2024-02-29) Osu",1949106,1ff6975c142ac59e4731cb09f5d46bcc,/home/amine/PycharmProjects/osunator/maps/downloaded/1949106.osu,"Aether Realm - The Sun, The Moon, The Star [Mourning Those Things I've Long Left Behind]","/home/amine/PycharmProjects/osunator/replays/suitable/SWEDENTRUCKER13 - Aether Realm - The Sun, The Moon, The Star [Mourning Those Things I've Long Left Behind] (2024-02-29) Osu.osr",98.37101585806249,test
"SWEDENTRUCKER13 - Foreground Eclipse - Truths, Ironies, The Secret Lyrics [Don't Stop 'Cause This Party's All We've Got] (2024-03-25) Osu",1985735,2f20ccec01ed90857438e111b5bdcba7,/home/amine/PycharmProjects/osunator/maps/downloaded/1985735.osu,"Foreground Eclipse - Truths, Ironies, The Secret Lyrics [Don't Stop 'Cause This Party's All We've Got]","/home/amine/PycharmProjects/osunator/replays/suitable/SWEDENTRUCKER13 - Foreground Eclipse - Truths, Ironies, The Secret Lyrics [Don't Stop 'Cause This Party's All We've Got] (2024-03-25) Osu.osr",95.81575246132208,train
SWEDENTRUCKER13 - Hakushi Hasegawa - Watashi o Mite [Loogame] (2024-05-10) Osu,3467317,dc768a834d8a2765d5b25577c89a5c0c,/home/amine/PycharmProjects/osunator/maps/downloaded/3467317.osu,Hakushi Hasegawa - Watashi o Mite [Loogame],/home/amine/PycharmProjects/osunator/replays/suitable/SWEDENTRUCKER13 - Hakushi Hasegawa - Watashi o Mite [Loogame] (2024-05-10) Osu.osr,95.0530035335689,train
"SWEDENTRUCKER13 - Ne Obliviscaris - Devour Me, Colossus (Part I) Blackholes [Flesh to Flowers, Blood to Rivers] (2024-04-05) Osu",2648218,2e9c398cb10f503cb1110f2d324e0e33,/home/amine/PycharmProjects/osunator/maps/downloaded/2648218.osu,"Ne Obliviscaris - Devour Me, Colossus (Part I): Blackholes [Flesh to Flowers, Blood to Rivers]","/home/amine/PycharmProjects/osunator/replays/suitable/SWEDENTRUCKER13 - Ne Obliviscaris - Devour Me, Colossus (Part I) Blackholes [Flesh to Flowers, Blood to Rivers] (2024-04-05) Osu.osr",96.32977266502328,train
SWEDENTRUCKER13 - Release hallucination - Chronostasis [Illusions] (2024-05-11) Osu-1,1222063,4818f5145f113462743abaedcaaa2fec,/home/amine/PycharmProjects/osunator/maps/downloaded/1222063.osu,Release hallucination - Chronostasis [Illusions],/home/amine/PycharmProjects/osunator/replays/suitable/SWEDENTRUCKER13 - Release hallucination - Chronostasis [Illusions] (2024-05-11) Osu-1.osr,99.87313669521092,train
"SWEDENTRUCKER13 - Twilight Force - Valley of the Vale [Ascending from Fallen Elegance, the Reign of the Kingdom Roams Free Forevermore] (2024-04-23) Osu",3946158,d93a45f81500f9472c9de498d84a9491,/home/amine/PycharmProjects/osunator/maps/downloaded/3946158.osu,"Twilight Force - Valley of the Vale [Ascending from Fallen Elegance, the Reign of the Kingdom Roams Free Forevermore]","/home/amine/PycharmProjects/osunator/replays/suitable/SWEDENTRUCKER13 - Twilight Force - Valley of the Vale [Ascending from Fallen Elegance, the Reign of the Kingdom Roams Free Forevermore] (2024-04-23) Osu.osr",96.79813401187447,train
"SWEDENTRUCKER13 - Twilight Force - Valley of the Vale [Ascending from Fallen Elegance, the Reign of the Kingdom Roams Free Forevermore] (2024-05-08) Osu",3946158,d93a45f81500f9472c9de498d84a9491,/home/amine/PycharmProjects/osunator/maps/downloaded/3946158.osu,"Twilight Force - Valley of the Vale [Ascending from Fallen Elegance, the Reign of the Kingdom Roams Free Forevermore]","/home/amine/PycharmProjects/osunator/replays/suitable/SWEDENTRUCKER13 - Twilight Force - Valley of the Vale [Ascending from Fallen Elegance, the Reign of the Kingdom Roams Free Forevermore] (2024-05-08) Osu.osr",98.68084268556802,train
SWEDENTRUCKER13 - Veil Of Maya - Mikasa [Collab Bestowed] (2024-03-09) Osu,2932491,fb9327b6d981d9b3eed6940c7a61a34e,/home/amine/PycharmProjects/osunator/maps/downloaded/2932491.osu,Veil Of Maya - Mikasa [Collab Bestowed],/home/amine/PycharmProjects/osunator/replays/suitable/SWEDENTRUCKER13 - Veil Of Maya - Mikasa [Collab Bestowed] (2024-03-09) Osu.osr,99.22549895740244,train
